{"count":1,"self":14.669948799999998,"total":15.2612192,"children":{"InitializeActuators":{"count":2,"self":0.0015627999999999998,"total":0.0015627999999999998,"children":null},"InitializeSensors":{"count":2,"self":0.0015142999999999999,"total":0.0015142999999999999,"children":null},"AgentSendState":{"count":486,"self":0.0077586,"total":0.47648759999999996,"children":{"CollectObservations":{"count":483,"self":0.40104449999999997,"total":0.40104449999999997,"children":null},"WriteActionMask":{"count":483,"self":0.0026414999999999998,"total":0.0026414999999999998,"children":null},"RequestDecision":{"count":483,"self":0.065043,"total":0.065043,"children":null}}},"DecideAction":{"count":486,"self":0.0918011,"total":0.0918011,"children":null},"AgentAct":{"count":486,"self":0.018857799999999997,"total":0.018857799999999997,"children":null}},"gauges":{},"metadata":{"timer_format_version":"0.1.0","start_time_seconds":"1738264543","unity_version":"2022.3.13f1","command_line_arguments":"C:\\Program Files\\Unity\\Hub\\Editor\\2022.3.13f1\\Editor\\Unity.exe -projectpath E:\\Allan\\AlanUnity -useHub -hubIPC -cloudEnvironment production -licensingIpc LicenseClient-R5VcCmq_gCuvAJt82JsV- -hubSessionId 7bafb224-46bb-45ad-bf00-028f0dbde722 -accessToken BTbCOmE3O-HkFGk6OttFsXZ18VIq5_KPyjsNfztJ8mU008f","communication_protocol_version":"1.5.0","com.unity.ml-agents_version":"2.0.1","scene_name":"SampleScene","end_time_seconds":"1738264558"}}